{
	"level_seeds": [
		{
			"dim": "minecraft:overworld",
			"seed": 5281659557170325055
		},
		{
			"dim": "graveyard:past",
			"seed": 5281659557170325055
		},
		{
			"dim": "minecraft:the_end",
			"seed": 5281659557170325055
		},
		{
			"dim": "minecraft:the_nether",
			"seed": 5281659557170325055
		},
		{
			"dim": "deeperdarker:otherside",
			"seed": 5281659557170325055
		}
	],
	"structure_seeds": [
		{
			"dim": "minecraft:overworld",
			"seed": 5281659557170325055
		},
		{
			"dim": "graveyard:past",
			"seed": 5281659557170325055
		},
		{
			"dim": "minecraft:the_end",
			"seed": 5281659557170325055
		},
		{
			"dim": "minecraft:the_nether",
			"seed": 5281659557170325055
		},
		{
			"dim": "deeperdarker:otherside",
			"seed": 5281659557170325055
		}
	]
}